Estructura,Tamaño,Segundos,Bytes
SA + LCP,1000000,1186,15999992
SA + LCP,1000000,1188,15999992
SA + LCP,1000000,1188,15999992
SA + LCP,1000000,1190,15999992
SA + LCP,1000000,1188,15999992
SA + LCP,1000000,1187,15999992
SA + LCP,1000000,1188,15999992
SA + LCP,1000000,1189,15999992
SA + LCP,1000000,1188,15999992
SA + LCP,1000000,1187,15999992
SA + LCP,1000000,1184,15999992
SA + LCP,1000000,1187,15999992
SA + LCP,1000000,1186,15999992
SA + LCP,1000000,1185,15999992
SA + LCP,1000000,1190,15999992
SA + LCP,1000000,1186,15999992
SA + LCP,1000000,1189,15999992
SA + LCP,1000000,1189,15999992
SA + LCP,1000000,1186,15999992
SA + LCP,1000000,1187,15999992
SA + LCP,1000000,1186,15999992
SA + LCP,1000000,1187,15999992
SA + LCP,1000000,1185,15999992
SA + LCP,1000000,1185,15999992
SA + LCP,1000000,1187,15999992
SA + LCP,1000000,1186,15999992
SA + LCP,1000000,1186,15999992
SA + LCP,1000000,1186,15999992
SA + LCP,1000000,1189,15999992
SA + LCP,1000000,1187,15999992
SA + LCP,1000000,1186,15999992
SA + LCP,1000000,1185,15999992
SA + LCP,1000000,1186,15999992
SA + LCP,1000000,1185,15999992
SA + LCP,1000000,1187,15999992
SA + LCP,1000000,1187,15999992
SA + LCP,1000000,1186,15999992
SA + LCP,1000000,1187,15999992
SA + LCP,1000000,1188,15999992
SA + LCP,1000000,1189,15999992
SA + LCP,1000000,1189,15999992
SA + LCP,1000000,1189,15999992
SA + LCP,1000000,1187,15999992
SA + LCP,1000000,1186,15999992
SA + LCP,1000000,1188,15999992
SA + LCP,1000000,1189,15999992
SA + LCP,1000000,1188,15999992
SA + LCP,1000000,1187,15999992
SA + LCP,1000000,1186,15999992
SA + LCP,1000000,1187,15999992
SA + LCP,1000000,1187,15999992
SA + LCP,1000000,1187,15999992
SA + LCP,1000000,1186,15999992
SA + LCP,1000000,1189,15999992
SA + LCP,1000000,1187,15999992
SA + LCP,1000000,1184,15999992
SA + LCP,1000000,1187,15999992
SA + LCP,1000000,1185,15999992
SA + LCP,1000000,1185,15999992
SA + LCP,1000000,1187,15999992
SA + LCP,1000000,1186,15999992
SA + LCP,1000000,1191,15999992
SA + LCP,1000000,1185,15999992
SA + LCP,1000000,1187,15999992
SA + LCP,1000000,1188,15999992
SA + LCP,1000000,1185,15999992
SA + LCP,1000000,1189,15999992
SA + LCP,1000000,1184,15999992
SA + LCP,1000000,1189,15999992
SA + LCP,1000000,1188,15999992
SA + LCP,1000000,1187,15999992
SA + LCP,1000000,1187,15999992
SA + LCP,1000000,1186,15999992
SA + LCP,1000000,1186,15999992
SA + LCP,1000000,1187,15999992
SA + LCP,1000000,1185,15999992
SA + LCP,1000000,1187,15999992
SA + LCP,1000000,1187,15999992
SA + LCP,1000000,1186,15999992
SA + LCP,1000000,1185,15999992
SA + LCP,1000000,1187,15999992
SA + LCP,1000000,1185,15999992
SA + LCP,1000000,1185,15999992
SA + LCP,1000000,1187,15999992
SA + LCP,1000000,1187,15999992
SA + LCP,1000000,1185,15999992
SA + LCP,1000000,1188,15999992
SA + LCP,1000000,1186,15999992
SA + LCP,1000000,1187,15999992
SA + LCP,1000000,1185,15999992
SA + LCP,1000000,1187,15999992
SA + LCP,1000000,1188,15999992
SA + LCP,1000000,1193,15999992
SA + LCP,1000000,1186,15999992
SA + LCP,1000000,1186,15999992
SA + LCP,1000000,1187,15999992
SA + LCP,1000000,1187,15999992
SA + LCP,1000000,1187,15999992
SA + LCP,1000000,1187,15999992
SA + LCP,1000000,1187,15999992
SA + LCP,2000000,1512,31999992
SA + LCP,2000000,1507,31999992
SA + LCP,2000000,1511,31999992
SA + LCP,2000000,1510,31999992
SA + LCP,2000000,1508,31999992
SA + LCP,2000000,1511,31999992
SA + LCP,2000000,1508,31999992
SA + LCP,2000000,1510,31999992
SA + LCP,2000000,1513,31999992
SA + LCP,2000000,1508,31999992
SA + LCP,2000000,1506,31999992
SA + LCP,2000000,1511,31999992
SA + LCP,2000000,1515,31999992
SA + LCP,2000000,1514,31999992
SA + LCP,2000000,1507,31999992
SA + LCP,2000000,1511,31999992
SA + LCP,2000000,1511,31999992
SA + LCP,2000000,1508,31999992
SA + LCP,2000000,1510,31999992
SA + LCP,2000000,1508,31999992
SA + LCP,2000000,1511,31999992
SA + LCP,2000000,1515,31999992
SA + LCP,2000000,1508,31999992
SA + LCP,2000000,1504,31999992
SA + LCP,2000000,1513,31999992
SA + LCP,2000000,1515,31999992
SA + LCP,2000000,1511,31999992
SA + LCP,2000000,1516,31999992
SA + LCP,2000000,1509,31999992
SA + LCP,2000000,1508,31999992
SA + LCP,2000000,1512,31999992
SA + LCP,2000000,1504,31999992
SA + LCP,2000000,1510,31999992
SA + LCP,2000000,1519,31999992
SA + LCP,2000000,1502,31999992
SA + LCP,2000000,1514,31999992
SA + LCP,2000000,1515,31999992
SA + LCP,2000000,1514,31999992
SA + LCP,2000000,1512,31999992
SA + LCP,2000000,1504,31999992
SA + LCP,2000000,1514,31999992
SA + LCP,2000000,1507,31999992
SA + LCP,2000000,1507,31999992
SA + LCP,2000000,1515,31999992
SA + LCP,2000000,1509,31999992
SA + LCP,2000000,1503,31999992
SA + LCP,2000000,1511,31999992
SA + LCP,2000000,1507,31999992
SA + LCP,2000000,1510,31999992
SA + LCP,2000000,1508,31999992
SA + LCP,2000000,1508,31999992
SA + LCP,2000000,1509,31999992
SA + LCP,2000000,1510,31999992
SA + LCP,2000000,1509,31999992
SA + LCP,2000000,1512,31999992
SA + LCP,2000000,1509,31999992
SA + LCP,2000000,1508,31999992
SA + LCP,2000000,1499,31999992
SA + LCP,2000000,1504,31999992
SA + LCP,2000000,1508,31999992
SA + LCP,2000000,1505,31999992
SA + LCP,2000000,1505,31999992
SA + LCP,2000000,1506,31999992
SA + LCP,2000000,1503,31999992
SA + LCP,2000000,1503,31999992
SA + LCP,2000000,1504,31999992
SA + LCP,2000000,1505,31999992
SA + LCP,2000000,1506,31999992
SA + LCP,2000000,1507,31999992
SA + LCP,2000000,1511,31999992
SA + LCP,2000000,1512,31999992
SA + LCP,2000000,1508,31999992
SA + LCP,2000000,1507,31999992
SA + LCP,2000000,1508,31999992
SA + LCP,2000000,1506,31999992
SA + LCP,2000000,1508,31999992
SA + LCP,2000000,1504,31999992
SA + LCP,2000000,1508,31999992
SA + LCP,2000000,1506,31999992
SA + LCP,2000000,1512,31999992
SA + LCP,2000000,1509,31999992
SA + LCP,2000000,1508,31999992
SA + LCP,2000000,1509,31999992
SA + LCP,2000000,1510,31999992
SA + LCP,2000000,1509,31999992
SA + LCP,2000000,1505,31999992
SA + LCP,2000000,1511,31999992
SA + LCP,2000000,1511,31999992
SA + LCP,2000000,1510,31999992
SA + LCP,2000000,1511,31999992
SA + LCP,2000000,1505,31999992
SA + LCP,2000000,1511,31999992
SA + LCP,2000000,1511,31999992
SA + LCP,2000000,1513,31999992
SA + LCP,2000000,1508,31999992
SA + LCP,2000000,1521,31999992
SA + LCP,2000000,1504,31999992
SA + LCP,2000000,1511,31999992
SA + LCP,2000000,1514,31999992
SA + LCP,2000000,1512,31999992
SA + LCP,3000000,2239,47999992
SA + LCP,3000000,2249,47999992
SA + LCP,3000000,2250,47999992
SA + LCP,3000000,2245,47999992
SA + LCP,3000000,2250,47999992
SA + LCP,3000000,2246,47999992
SA + LCP,3000000,2240,47999992
SA + LCP,3000000,2247,47999992
SA + LCP,3000000,2239,47999992
SA + LCP,3000000,2252,47999992
SA + LCP,3000000,2249,47999992
SA + LCP,3000000,2246,47999992
SA + LCP,3000000,2247,47999992
SA + LCP,3000000,2252,47999992
SA + LCP,3000000,2246,47999992
SA + LCP,3000000,2248,47999992
SA + LCP,3000000,2244,47999992
SA + LCP,3000000,2243,47999992
SA + LCP,3000000,2244,47999992
SA + LCP,3000000,2245,47999992
SA + LCP,3000000,2252,47999992
SA + LCP,3000000,2251,47999992
SA + LCP,3000000,2251,47999992
SA + LCP,3000000,2245,47999992
SA + LCP,3000000,2259,47999992
SA + LCP,3000000,2240,47999992
SA + LCP,3000000,2235,47999992
SA + LCP,3000000,2249,47999992
SA + LCP,3000000,2236,47999992
SA + LCP,3000000,2235,47999992
SA + LCP,3000000,2240,47999992
SA + LCP,3000000,2243,47999992
SA + LCP,3000000,2238,47999992
SA + LCP,3000000,2240,47999992
SA + LCP,3000000,2250,47999992
SA + LCP,3000000,2241,47999992
SA + LCP,3000000,2232,47999992
SA + LCP,3000000,2235,47999992
SA + LCP,3000000,2237,47999992
SA + LCP,3000000,2239,47999992
SA + LCP,3000000,2242,47999992
SA + LCP,3000000,2232,47999992
SA + LCP,3000000,2232,47999992
SA + LCP,3000000,2241,47999992
SA + LCP,3000000,2247,47999992
SA + LCP,3000000,2239,47999992
SA + LCP,3000000,2251,47999992
SA + LCP,3000000,2247,47999992
SA + LCP,3000000,2260,47999992
SA + LCP,3000000,2241,47999992
SA + LCP,3000000,2246,47999992
SA + LCP,3000000,2240,47999992
SA + LCP,3000000,2250,47999992
SA + LCP,3000000,2241,47999992
SA + LCP,3000000,2243,47999992
SA + LCP,3000000,2250,47999992
SA + LCP,3000000,2244,47999992
SA + LCP,3000000,2251,47999992
SA + LCP,3000000,2255,47999992
SA + LCP,3000000,2241,47999992
SA + LCP,3000000,2249,47999992
SA + LCP,3000000,2248,47999992
SA + LCP,3000000,2246,47999992
SA + LCP,3000000,2239,47999992
SA + LCP,3000000,2248,47999992
SA + LCP,3000000,2237,47999992
SA + LCP,3000000,2249,47999992
SA + LCP,3000000,2237,47999992
SA + LCP,3000000,2252,47999992
SA + LCP,3000000,2245,47999992
SA + LCP,3000000,2258,47999992
SA + LCP,3000000,2242,47999992
SA + LCP,3000000,2245,47999992
SA + LCP,3000000,2246,47999992
SA + LCP,3000000,2244,47999992
SA + LCP,3000000,2243,47999992
SA + LCP,3000000,2248,47999992
SA + LCP,3000000,2253,47999992
SA + LCP,3000000,2234,47999992
SA + LCP,3000000,2237,47999992
SA + LCP,3000000,2235,47999992
SA + LCP,3000000,2244,47999992
SA + LCP,3000000,2241,47999992
SA + LCP,3000000,2241,47999992
SA + LCP,3000000,2245,47999992
SA + LCP,3000000,2240,47999992
SA + LCP,3000000,2246,47999992
SA + LCP,3000000,2243,47999992
SA + LCP,3000000,2249,47999992
SA + LCP,3000000,2246,47999992
SA + LCP,3000000,2241,47999992
SA + LCP,3000000,2259,47999992
SA + LCP,3000000,2250,47999992
SA + LCP,3000000,2253,47999992
SA + LCP,3000000,2250,47999992
SA + LCP,3000000,2248,47999992
SA + LCP,3000000,2251,47999992
SA + LCP,3000000,2251,47999992
SA + LCP,3000000,2252,47999992
SA + LCP,3000000,2246,47999992
SA + LCP,4000000,2688,63999992
SA + LCP,4000000,2692,63999992
SA + LCP,4000000,2685,63999992
SA + LCP,4000000,2681,63999992
SA + LCP,4000000,2679,63999992
SA + LCP,4000000,2670,63999992
SA + LCP,4000000,2671,63999992
SA + LCP,4000000,2673,63999992
SA + LCP,4000000,2678,63999992
SA + LCP,4000000,2691,63999992
SA + LCP,4000000,2756,63999992
SA + LCP,4000000,2692,63999992
SA + LCP,4000000,2700,63999992
SA + LCP,4000000,2696,63999992
SA + LCP,4000000,2698,63999992
SA + LCP,4000000,2716,63999992
SA + LCP,4000000,2715,63999992
SA + LCP,4000000,2702,63999992
SA + LCP,4000000,2704,63999992
SA + LCP,4000000,2698,63999992
SA + LCP,4000000,2704,63999992
SA + LCP,4000000,2726,63999992
SA + LCP,4000000,2694,63999992
SA + LCP,4000000,2709,63999992
SA + LCP,4000000,2705,63999992
SA + LCP,4000000,2697,63999992
SA + LCP,4000000,2691,63999992
SA + LCP,4000000,2688,63999992
SA + LCP,4000000,2682,63999992
SA + LCP,4000000,2709,63999992
SA + LCP,4000000,2681,63999992
SA + LCP,4000000,2697,63999992
SA + LCP,4000000,2677,63999992
SA + LCP,4000000,2691,63999992
SA + LCP,4000000,2703,63999992
SA + LCP,4000000,2713,63999992
SA + LCP,4000000,2706,63999992
SA + LCP,4000000,2699,63999992
SA + LCP,4000000,2713,63999992
SA + LCP,4000000,2714,63999992
SA + LCP,4000000,2705,63999992
SA + LCP,4000000,2705,63999992
SA + LCP,4000000,2702,63999992
SA + LCP,4000000,2699,63999992
SA + LCP,4000000,2701,63999992
SA + LCP,4000000,2726,63999992
SA + LCP,4000000,2701,63999992
SA + LCP,4000000,2707,63999992
SA + LCP,4000000,2706,63999992
SA + LCP,4000000,2701,63999992
SA + LCP,4000000,2707,63999992
SA + LCP,4000000,2714,63999992
SA + LCP,4000000,2709,63999992
SA + LCP,4000000,2702,63999992
SA + LCP,4000000,2712,63999992
SA + LCP,4000000,2711,63999992
SA + LCP,4000000,2711,63999992
SA + LCP,4000000,2725,63999992
SA + LCP,4000000,2695,63999992
SA + LCP,4000000,2720,63999992
SA + LCP,4000000,2712,63999992
SA + LCP,4000000,2709,63999992
SA + LCP,4000000,2702,63999992
SA + LCP,4000000,2685,63999992
SA + LCP,4000000,2689,63999992
SA + LCP,4000000,2692,63999992
SA + LCP,4000000,2704,63999992
SA + LCP,4000000,2695,63999992
SA + LCP,4000000,2704,63999992
SA + LCP,4000000,2701,63999992
SA + LCP,4000000,2698,63999992
SA + LCP,4000000,2686,63999992
SA + LCP,4000000,2681,63999992
SA + LCP,4000000,2675,63999992
SA + LCP,4000000,2689,63999992
SA + LCP,4000000,2687,63999992
SA + LCP,4000000,2699,63999992
SA + LCP,4000000,2688,63999992
SA + LCP,4000000,2690,63999992
SA + LCP,4000000,2696,63999992
SA + LCP,4000000,2728,63999992
SA + LCP,4000000,2705,63999992
SA + LCP,4000000,2697,63999992
SA + LCP,4000000,2701,63999992
SA + LCP,4000000,2728,63999992
SA + LCP,4000000,2708,63999992
SA + LCP,4000000,2702,63999992
SA + LCP,4000000,2702,63999992
SA + LCP,4000000,2707,63999992
SA + LCP,4000000,2698,63999992
SA + LCP,4000000,2710,63999992
SA + LCP,4000000,2715,63999992
SA + LCP,4000000,2705,63999992
SA + LCP,4000000,2711,63999992
SA + LCP,4000000,2707,63999992
SA + LCP,4000000,2698,63999992
SA + LCP,4000000,2710,63999992
SA + LCP,4000000,2708,63999992
SA + LCP,4000000,2722,63999992
SA + LCP,4000000,2711,63999992
SA + LCP,5000000,3183,79999992
SA + LCP,5000000,3216,79999992
SA + LCP,5000000,3215,79999992
SA + LCP,5000000,3217,79999992
SA + LCP,5000000,3223,79999992
SA + LCP,5000000,3203,79999992
SA + LCP,5000000,3213,79999992
SA + LCP,5000000,3230,79999992
SA + LCP,5000000,3227,79999992
SA + LCP,5000000,3233,79999992
SA + LCP,5000000,3203,79999992
SA + LCP,5000000,3196,79999992
SA + LCP,5000000,3204,79999992
SA + LCP,5000000,3187,79999992
SA + LCP,5000000,3179,79999992
SA + LCP,5000000,3179,79999992
SA + LCP,5000000,3176,79999992
SA + LCP,5000000,3205,79999992
SA + LCP,5000000,3193,79999992
SA + LCP,5000000,3170,79999992
SA + LCP,5000000,3206,79999992
SA + LCP,5000000,3224,79999992
SA + LCP,5000000,3217,79999992
SA + LCP,5000000,3210,79999992
SA + LCP,5000000,3213,79999992
SA + LCP,5000000,3207,79999992
SA + LCP,5000000,3205,79999992
SA + LCP,5000000,3226,79999992
SA + LCP,5000000,3237,79999992
SA + LCP,5000000,3226,79999992
SA + LCP,5000000,3217,79999992
SA + LCP,5000000,3206,79999992
SA + LCP,5000000,3218,79999992
SA + LCP,5000000,3234,79999992
SA + LCP,5000000,3206,79999992
SA + LCP,5000000,3205,79999992
SA + LCP,5000000,3215,79999992
SA + LCP,5000000,3208,79999992
SA + LCP,5000000,3215,79999992
SA + LCP,5000000,3198,79999992
SA + LCP,5000000,3197,79999992
SA + LCP,5000000,3202,79999992
SA + LCP,5000000,3255,79999992
SA + LCP,5000000,3233,79999992
SA + LCP,5000000,3206,79999992
SA + LCP,5000000,3205,79999992
SA + LCP,5000000,3205,79999992
SA + LCP,5000000,3215,79999992
SA + LCP,5000000,3217,79999992
SA + LCP,5000000,3218,79999992
SA + LCP,5000000,3210,79999992
SA + LCP,5000000,3223,79999992
SA + LCP,5000000,3174,79999992
SA + LCP,5000000,3184,79999992
SA + LCP,5000000,3178,79999992
SA + LCP,5000000,3186,79999992
SA + LCP,5000000,3185,79999992
SA + LCP,5000000,3193,79999992
SA + LCP,5000000,3210,79999992
SA + LCP,5000000,3261,79999992
SA + LCP,5000000,3233,79999992
SA + LCP,5000000,3226,79999992
SA + LCP,5000000,3194,79999992
SA + LCP,5000000,3207,79999992
SA + LCP,5000000,3193,79999992
SA + LCP,5000000,3212,79999992
SA + LCP,5000000,3214,79999992
SA + LCP,5000000,3213,79999992
SA + LCP,5000000,3216,79999992
SA + LCP,5000000,3209,79999992
SA + LCP,5000000,3208,79999992
SA + LCP,5000000,3196,79999992
SA + LCP,5000000,3182,79999992
SA + LCP,5000000,3178,79999992
SA + LCP,5000000,3198,79999992
SA + LCP,5000000,3181,79999992
SA + LCP,5000000,3199,79999992
SA + LCP,5000000,3213,79999992
SA + LCP,5000000,3196,79999992
SA + LCP,5000000,3221,79999992
SA + LCP,5000000,3209,79999992
SA + LCP,5000000,3204,79999992
SA + LCP,5000000,3243,79999992
SA + LCP,5000000,3190,79999992
SA + LCP,5000000,3187,79999992
SA + LCP,5000000,3195,79999992
SA + LCP,5000000,3184,79999992
SA + LCP,5000000,3183,79999992
SA + LCP,5000000,3188,79999992
SA + LCP,5000000,3171,79999992
SA + LCP,5000000,3168,79999992
SA + LCP,5000000,3162,79999992
SA + LCP,5000000,3172,79999992
SA + LCP,5000000,3152,79999992
SA + LCP,5000000,3152,79999992
SA + LCP,5000000,3188,79999992
SA + LCP,5000000,3194,79999992
SA + LCP,5000000,3252,79999992
SA + LCP,5000000,3185,79999992
SA + LCP,5000000,3189,79999992
SA + LCP,6000000,3708,95999992
SA + LCP,6000000,3704,95999992
SA + LCP,6000000,3719,95999992
SA + LCP,6000000,3695,95999992
SA + LCP,6000000,3715,95999992
SA + LCP,6000000,3700,95999992
SA + LCP,6000000,3697,95999992
SA + LCP,6000000,3685,95999992
SA + LCP,6000000,3685,95999992
SA + LCP,6000000,3694,95999992
SA + LCP,6000000,3726,95999992
SA + LCP,6000000,3700,95999992
SA + LCP,6000000,3712,95999992
SA + LCP,6000000,3693,95999992
SA + LCP,6000000,3687,95999992
SA + LCP,6000000,3682,95999992
SA + LCP,6000000,3698,95999992
SA + LCP,6000000,3712,95999992
SA + LCP,6000000,3709,95999992
SA + LCP,6000000,3675,95999992
SA + LCP,6000000,3669,95999992
SA + LCP,6000000,3658,95999992
SA + LCP,6000000,3679,95999992
SA + LCP,6000000,3661,95999992
SA + LCP,6000000,3630,95999992
SA + LCP,6000000,3635,95999992
SA + LCP,6000000,3662,95999992
SA + LCP,6000000,3687,95999992
SA + LCP,6000000,3683,95999992
SA + LCP,6000000,3715,95999992
SA + LCP,6000000,3714,95999992
SA + LCP,6000000,3707,95999992
SA + LCP,6000000,3707,95999992
SA + LCP,6000000,3695,95999992
SA + LCP,6000000,3705,95999992
SA + LCP,6000000,3721,95999992
SA + LCP,6000000,3688,95999992
SA + LCP,6000000,3701,95999992
SA + LCP,6000000,3704,95999992
SA + LCP,6000000,3711,95999992
SA + LCP,6000000,3709,95999992
SA + LCP,6000000,3704,95999992
SA + LCP,6000000,3713,95999992
SA + LCP,6000000,3710,95999992
SA + LCP,6000000,3713,95999992
SA + LCP,6000000,3718,95999992
SA + LCP,6000000,3723,95999992
SA + LCP,6000000,3706,95999992
SA + LCP,6000000,3695,95999992
SA + LCP,6000000,3683,95999992
SA + LCP,6000000,3686,95999992
SA + LCP,6000000,3692,95999992
SA + LCP,6000000,3716,95999992
SA + LCP,6000000,3707,95999992
SA + LCP,6000000,3729,95999992
SA + LCP,6000000,3707,95999992
SA + LCP,6000000,3703,95999992
SA + LCP,6000000,3685,95999992
SA + LCP,6000000,3670,95999992
SA + LCP,6000000,3665,95999992
SA + LCP,6000000,3651,95999992
SA + LCP,6000000,3645,95999992
SA + LCP,6000000,3703,95999992
SA + LCP,6000000,3710,95999992
SA + LCP,6000000,3719,95999992
SA + LCP,6000000,3674,95999992
SA + LCP,6000000,3684,95999992
SA + LCP,6000000,3671,95999992
SA + LCP,6000000,3664,95999992
SA + LCP,6000000,3663,95999992
SA + LCP,6000000,3670,95999992
SA + LCP,6000000,3672,95999992
SA + LCP,6000000,3705,95999992
SA + LCP,6000000,3689,95999992
SA + LCP,6000000,3705,95999992
SA + LCP,6000000,3687,95999992
SA + LCP,6000000,3670,95999992
SA + LCP,6000000,3693,95999992
SA + LCP,6000000,3700,95999992
SA + LCP,6000000,3699,95999992
SA + LCP,6000000,3697,95999992
SA + LCP,6000000,3702,95999992
SA + LCP,6000000,3727,95999992
SA + LCP,6000000,3680,95999992
SA + LCP,6000000,3696,95999992
SA + LCP,6000000,3693,95999992
SA + LCP,6000000,3701,95999992
SA + LCP,6000000,3691,95999992
SA + LCP,6000000,3709,95999992
SA + LCP,6000000,3685,95999992
SA + LCP,6000000,3653,95999992
SA + LCP,6000000,3671,95999992
SA + LCP,6000000,3687,95999992
SA + LCP,6000000,3664,95999992
SA + LCP,6000000,3665,95999992
SA + LCP,6000000,3713,95999992
SA + LCP,6000000,3775,95999992
SA + LCP,6000000,3700,95999992
SA + LCP,6000000,3718,95999992
SA + LCP,6000000,3705,95999992
SA + LCP,7000000,4378,111999992
SA + LCP,7000000,4412,111999992
SA + LCP,7000000,4392,111999992
SA + LCP,7000000,4395,111999992
SA + LCP,7000000,4365,111999992
SA + LCP,7000000,4337,111999992
SA + LCP,7000000,4386,111999992
SA + LCP,7000000,4336,111999992
SA + LCP,7000000,4367,111999992
SA + LCP,7000000,4331,111999992
SA + LCP,7000000,4374,111999992
SA + LCP,7000000,4369,111999992
SA + LCP,7000000,4409,111999992
SA + LCP,7000000,4381,111999992
SA + LCP,7000000,4357,111999992
SA + LCP,7000000,4399,111999992
SA + LCP,7000000,4387,111999992
SA + LCP,7000000,4392,111999992
SA + LCP,7000000,4569,111999992
SA + LCP,7000000,4758,111999992
SA + LCP,7000000,4630,111999992
SA + LCP,7000000,4120,111999992
SA + LCP,7000000,4107,111999992
SA + LCP,7000000,4152,111999992
SA + LCP,7000000,4177,111999992
SA + LCP,7000000,4204,111999992
SA + LCP,7000000,4162,111999992
SA + LCP,7000000,4167,111999992
SA + LCP,7000000,4233,111999992
SA + LCP,7000000,4217,111999992
SA + LCP,7000000,4216,111999992
SA + LCP,7000000,4173,111999992
SA + LCP,7000000,4202,111999992
SA + LCP,7000000,4203,111999992
SA + LCP,7000000,4181,111999992
SA + LCP,7000000,4204,111999992
SA + LCP,7000000,4177,111999992
SA + LCP,7000000,4146,111999992
SA + LCP,7000000,4153,111999992
SA + LCP,7000000,4163,111999992
SA + LCP,7000000,4182,111999992
SA + LCP,7000000,4159,111999992
SA + LCP,7000000,4134,111999992
SA + LCP,7000000,4115,111999992
SA + LCP,7000000,4129,111999992
SA + LCP,7000000,4142,111999992
SA + LCP,7000000,4350,111999992
SA + LCP,7000000,4356,111999992
SA + LCP,7000000,4358,111999992
SA + LCP,7000000,4378,111999992
SA + LCP,7000000,4348,111999992
SA + LCP,7000000,4340,111999992
SA + LCP,7000000,4304,111999992
SA + LCP,7000000,4316,111999992
SA + LCP,7000000,4331,111999992
SA + LCP,7000000,4373,111999992
SA + LCP,7000000,4466,111999992
SA + LCP,7000000,4379,111999992
SA + LCP,7000000,4432,111999992
SA + LCP,7000000,4409,111999992
SA + LCP,7000000,4404,111999992
SA + LCP,7000000,4387,111999992
SA + LCP,7000000,4387,111999992
SA + LCP,7000000,4401,111999992
SA + LCP,7000000,4377,111999992
SA + LCP,7000000,4364,111999992
SA + LCP,7000000,4355,111999992
SA + LCP,7000000,4381,111999992
SA + LCP,7000000,4395,111999992
SA + LCP,7000000,4424,111999992
SA + LCP,7000000,4431,111999992
SA + LCP,7000000,4467,111999992
SA + LCP,7000000,4447,111999992
SA + LCP,7000000,4419,111999992
SA + LCP,7000000,4434,111999992
SA + LCP,7000000,4421,111999992
SA + LCP,7000000,4435,111999992
SA + LCP,7000000,4452,111999992
SA + LCP,7000000,4377,111999992
SA + LCP,7000000,4314,111999992
SA + LCP,7000000,4331,111999992
SA + LCP,7000000,4313,111999992
SA + LCP,7000000,4323,111999992
SA + LCP,7000000,4405,111999992
SA + LCP,7000000,4466,111999992
SA + LCP,7000000,4400,111999992
SA + LCP,7000000,4412,111999992
SA + LCP,7000000,4326,111999992
SA + LCP,7000000,4196,111999992
SA + LCP,7000000,4228,111999992
SA + LCP,7000000,4189,111999992
SA + LCP,7000000,4172,111999992
SA + LCP,7000000,4179,111999992
SA + LCP,7000000,4160,111999992
SA + LCP,7000000,4180,111999992
SA + LCP,7000000,4185,111999992
SA + LCP,7000000,4163,111999992
SA + LCP,7000000,4171,111999992
SA + LCP,7000000,4166,111999992
SA + LCP,7000000,4179,111999992
SA + LCP,8000000,4595,127999992
SA + LCP,8000000,4633,127999992
SA + LCP,8000000,4612,127999992
SA + LCP,8000000,4630,127999992
SA + LCP,8000000,4614,127999992
SA + LCP,8000000,4640,127999992
SA + LCP,8000000,4648,127999992
SA + LCP,8000000,4635,127999992
SA + LCP,8000000,4686,127999992
SA + LCP,8000000,4637,127999992
SA + LCP,8000000,4607,127999992
SA + LCP,8000000,4581,127999992
SA + LCP,8000000,4575,127999992
SA + LCP,8000000,4609,127999992
SA + LCP,8000000,4697,127999992
SA + LCP,8000000,4691,127999992
SA + LCP,8000000,4595,127999992
SA + LCP,8000000,4590,127999992
SA + LCP,8000000,4555,127999992
SA + LCP,8000000,4849,127999992
SA + LCP,8000000,4913,127999992
SA + LCP,8000000,4925,127999992
SA + LCP,8000000,4916,127999992
SA + LCP,8000000,4896,127999992
SA + LCP,8000000,4928,127999992
SA + LCP,8000000,4963,127999992
SA + LCP,8000000,4950,127999992
SA + LCP,8000000,4928,127999992
SA + LCP,8000000,4898,127999992
SA + LCP,8000000,4951,127999992
SA + LCP,8000000,4968,127999992
SA + LCP,8000000,4896,127999992
SA + LCP,8000000,4681,127999992
SA + LCP,8000000,4667,127999992
SA + LCP,8000000,4678,127999992
SA + LCP,8000000,4629,127999992
SA + LCP,8000000,4534,127999992
SA + LCP,8000000,4555,127999992
SA + LCP,8000000,4569,127999992
SA + LCP,8000000,4554,127999992
SA + LCP,8000000,4706,127999992
SA + LCP,8000000,4726,127999992
SA + LCP,8000000,4628,127999992
SA + LCP,8000000,4642,127999992
SA + LCP,8000000,4657,127999992
SA + LCP,8000000,4646,127999992
SA + LCP,8000000,4648,127999992
SA + LCP,8000000,4631,127999992
SA + LCP,8000000,4602,127999992
SA + LCP,8000000,4571,127999992
SA + LCP,8000000,4570,127999992
SA + LCP,8000000,4577,127999992
SA + LCP,8000000,4801,127999992
SA + LCP,8000000,4941,127999992
SA + LCP,8000000,4867,127999992
SA + LCP,8000000,4923,127999992
SA + LCP,8000000,4940,127999992
SA + LCP,8000000,4913,127999992
SA + LCP,8000000,4978,127999992
SA + LCP,8000000,4901,127999992
SA + LCP,8000000,4889,127999992
SA + LCP,8000000,4941,127999992
SA + LCP,8000000,4949,127999992
SA + LCP,8000000,4813,127999992
SA + LCP,8000000,4838,127999992
SA + LCP,8000000,4827,127999992
SA + LCP,8000000,4828,127999992
SA + LCP,8000000,4940,127999992
SA + LCP,8000000,4977,127999992
SA + LCP,8000000,5085,127999992
SA + LCP,8000000,4987,127999992
SA + LCP,8000000,4992,127999992
SA + LCP,8000000,4913,127999992
SA + LCP,8000000,4908,127999992
SA + LCP,8000000,4912,127999992
SA + LCP,8000000,4949,127999992
SA + LCP,8000000,4940,127999992
SA + LCP,8000000,4910,127999992
SA + LCP,8000000,4909,127999992
SA + LCP,8000000,4917,127999992
SA + LCP,8000000,4966,127999992
SA + LCP,8000000,4878,127999992
SA + LCP,8000000,4869,127999992
SA + LCP,8000000,4842,127999992
SA + LCP,8000000,4865,127999992
SA + LCP,8000000,4888,127999992
SA + LCP,8000000,4883,127999992
SA + LCP,8000000,4845,127999992
SA + LCP,8000000,4810,127999992
SA + LCP,8000000,4804,127999992
SA + LCP,8000000,4840,127999992
SA + LCP,8000000,4890,127999992
SA + LCP,8000000,5004,127999992
SA + LCP,8000000,4919,127999992
SA + LCP,8000000,4921,127999992
SA + LCP,8000000,4935,127999992
SA + LCP,8000000,4900,127999992
SA + LCP,8000000,4907,127999992
SA + LCP,8000000,4949,127999992
SA + LCP,8000000,5081,127999992
SA + LCP,9000000,5740,143999992
SA + LCP,9000000,5758,143999992
SA + LCP,9000000,5738,143999992
SA + LCP,9000000,5746,143999992
SA + LCP,9000000,5751,143999992
SA + LCP,9000000,5711,143999992
SA + LCP,9000000,5765,143999992
SA + LCP,9000000,5626,143999992
SA + LCP,9000000,5482,143999992
SA + LCP,9000000,5503,143999992
SA + LCP,9000000,5640,143999992
SA + LCP,9000000,5515,143999992
SA + LCP,9000000,5507,143999992
SA + LCP,9000000,5500,143999992
SA + LCP,9000000,5599,143999992
SA + LCP,9000000,5706,143999992
SA + LCP,9000000,5655,143999992
SA + LCP,9000000,5749,143999992
SA + LCP,9000000,5760,143999992
SA + LCP,9000000,5739,143999992
SA + LCP,9000000,5772,143999992
SA + LCP,9000000,5719,143999992
SA + LCP,9000000,5710,143999992
SA + LCP,9000000,5747,143999992
SA + LCP,9000000,5721,143999992
SA + LCP,9000000,5694,143999992
SA + LCP,9000000,5789,143999992
SA + LCP,9000000,5736,143999992
SA + LCP,9000000,5750,143999992
SA + LCP,9000000,5763,143999992
SA + LCP,9000000,5737,143999992
SA + LCP,9000000,5710,143999992
SA + LCP,9000000,5630,143999992
SA + LCP,9000000,5567,143999992
SA + LCP,9000000,5617,143999992
SA + LCP,9000000,5659,143999992
SA + LCP,9000000,5853,143999992
SA + LCP,9000000,5786,143999992
SA + LCP,9000000,5724,143999992
SA + LCP,9000000,5778,143999992
SA + LCP,9000000,5643,143999992
SA + LCP,9000000,5681,143999992
SA + LCP,9000000,5645,143999992
SA + LCP,9000000,5719,143999992
SA + LCP,9000000,5640,143999992
SA + LCP,9000000,5774,143999992
SA + LCP,9000000,5784,143999992
SA + LCP,9000000,5698,143999992
SA + LCP,9000000,5762,143999992
SA + LCP,9000000,5776,143999992
SA + LCP,9000000,5747,143999992
SA + LCP,9000000,5741,143999992
SA + LCP,9000000,5763,143999992
SA + LCP,9000000,5621,143999992
SA + LCP,9000000,5589,143999992
SA + LCP,9000000,5602,143999992
SA + LCP,9000000,5621,143999992
SA + LCP,9000000,5799,143999992
SA + LCP,9000000,5757,143999992
SA + LCP,9000000,5783,143999992
SA + LCP,9000000,5770,143999992
SA + LCP,9000000,5825,143999992
SA + LCP,9000000,5719,143999992
SA + LCP,9000000,5700,143999992
SA + LCP,9000000,5771,143999992
SA + LCP,9000000,5715,143999992
SA + LCP,9000000,5804,143999992
SA + LCP,9000000,5783,143999992
SA + LCP,9000000,5699,143999992
SA + LCP,9000000,5667,143999992
SA + LCP,9000000,5632,143999992
SA + LCP,9000000,5641,143999992
SA + LCP,9000000,5709,143999992
SA + LCP,9000000,5778,143999992
SA + LCP,9000000,5787,143999992
SA + LCP,9000000,5615,143999992
SA + LCP,9000000,5589,143999992
SA + LCP,9000000,5576,143999992
SA + LCP,9000000,5643,143999992
SA + LCP,9000000,5810,143999992
SA + LCP,9000000,5744,143999992
SA + LCP,9000000,5771,143999992
SA + LCP,9000000,5743,143999992
SA + LCP,9000000,5692,143999992
SA + LCP,9000000,5731,143999992
SA + LCP,9000000,5760,143999992
SA + LCP,9000000,5795,143999992
SA + LCP,9000000,5758,143999992
SA + LCP,9000000,5706,143999992
SA + LCP,9000000,5802,143999992
SA + LCP,9000000,5741,143999992
SA + LCP,9000000,5760,143999992
SA + LCP,9000000,5764,143999992
SA + LCP,9000000,5754,143999992
SA + LCP,9000000,5785,143999992
SA + LCP,9000000,5756,143999992
SA + LCP,9000000,5618,143999992
SA + LCP,9000000,5517,143999992
SA + LCP,9000000,5565,143999992
SA + LCP,9000000,5545,143999992
SA + LCP,10000000,6632,159999992
SA + LCP,10000000,6622,159999992
SA + LCP,10000000,6591,159999992
SA + LCP,10000000,6632,159999992
SA + LCP,10000000,6687,159999992
SA + LCP,10000000,6632,159999992
SA + LCP,10000000,6641,159999992
SA + LCP,10000000,6691,159999992
SA + LCP,10000000,6624,159999992
SA + LCP,10000000,6720,159999992
SA + LCP,10000000,6652,159999992
SA + LCP,10000000,6675,159999992
SA + LCP,10000000,6669,159999992
SA + LCP,10000000,6627,159999992
SA + LCP,10000000,6687,159999992
SA + LCP,10000000,6542,159999992
SA + LCP,10000000,6504,159999992
SA + LCP,10000000,6484,159999992
SA + LCP,10000000,6580,159999992
SA + LCP,10000000,6775,159999992
SA + LCP,10000000,6663,159999992
SA + LCP,10000000,6597,159999992
SA + LCP,10000000,6535,159999992
SA + LCP,10000000,6532,159999992
SA + LCP,10000000,6585,159999992
SA + LCP,10000000,6633,159999992
SA + LCP,10000000,6626,159999992
SA + LCP,10000000,6683,159999992
SA + LCP,10000000,6663,159999992
SA + LCP,10000000,6630,159999992
SA + LCP,10000000,6636,159999992
SA + LCP,10000000,6688,159999992
SA + LCP,10000000,6713,159999992
SA + LCP,10000000,6617,159999992
SA + LCP,10000000,6528,159999992
SA + LCP,10000000,6525,159999992
SA + LCP,10000000,6480,159999992
SA + LCP,10000000,6687,159999992
SA + LCP,10000000,6674,159999992
SA + LCP,10000000,6644,159999992
SA + LCP,10000000,6717,159999992
SA + LCP,10000000,6665,159999992
SA + LCP,10000000,6606,159999992
SA + LCP,10000000,6667,159999992
SA + LCP,10000000,6559,159999992
SA + LCP,10000000,6576,159999992
SA + LCP,10000000,6533,159999992
SA + LCP,10000000,6544,159999992
SA + LCP,10000000,6540,159999992
SA + LCP,10000000,6534,159999992
SA + LCP,10000000,6636,159999992
SA + LCP,10000000,6627,159999992
SA + LCP,10000000,6509,159999992
SA + LCP,10000000,6445,159999992
SA + LCP,10000000,6503,159999992
SA + LCP,10000000,6579,159999992
SA + LCP,10000000,6764,159999992
SA + LCP,10000000,6685,159999992
SA + LCP,10000000,6671,159999992
SA + LCP,10000000,6638,159999992
SA + LCP,10000000,6569,159999992
SA + LCP,10000000,6713,159999992
SA + LCP,10000000,6639,159999992
SA + LCP,10000000,6587,159999992
SA + LCP,10000000,6611,159999992
SA + LCP,10000000,6660,159999992
SA + LCP,10000000,6712,159999992
SA + LCP,10000000,6617,159999992
SA + LCP,10000000,6641,159999992
SA + LCP,10000000,6535,159999992
SA + LCP,10000000,6120,159999992
SA + LCP,10000000,5867,159999992
SA + LCP,10000000,5832,159999992
SA + LCP,10000000,6027,159999992
SA + LCP,10000000,6090,159999992
SA + LCP,10000000,6315,159999992
SA + LCP,10000000,6051,159999992
SA + LCP,10000000,6084,159999992
SA + LCP,10000000,6092,159999992
SA + LCP,10000000,6135,159999992
SA + LCP,10000000,6054,159999992
SA + LCP,10000000,6033,159999992
SA + LCP,10000000,6146,159999992
SA + LCP,10000000,6105,159999992
SA + LCP,10000000,6118,159999992
SA + LCP,10000000,6142,159999992
SA + LCP,10000000,6115,159999992
SA + LCP,10000000,6089,159999992
SA + LCP,10000000,6082,159999992
SA + LCP,10000000,6090,159999992
SA + LCP,10000000,6129,159999992
SA + LCP,10000000,6116,159999992
SA + LCP,10000000,6132,159999992
SA + LCP,10000000,6092,159999992
SA + LCP,10000000,5948,159999992
SA + LCP,10000000,5864,159999992
SA + LCP,10000000,5866,159999992
SA + LCP,10000000,6019,159999992
SA + LCP,10000000,6278,159999992
SA + LCP,10000000,6231,159999992
